Name,Number
SC VOSTOK SPIRIT SRL,40722607882
MOTIONLAB SRL,40746527881
MATRIX BUSINESS CONSULTING SRL,40723222704
B&C GRUP SRL,40722436609
ZOE STUDIO SRL-D,40722690927
ZODIA PROD COM SRL,40722560856
BEST PRESS ADVERTISING SRL,40765266609
HELLO SECURITY SRL,40760030303
Z.G.F COM SRL,40724545491
GRAZIOSA SRL,40723644642
ZETA INVEST DEVELOPMENT SRL,40765364354
BETA GUEST SOLUTIONS SRL,40744686062
ZENOBIA TEXIM SRL,40722274409
ZEN IT SOLUTIONS,40722258852
AMAX FINANCIAL CONSULTING SRL,40756100011
ZEFRICOM SRL,40723668202
S.C. ZEBRA FILM PRODUCTION SRL,40723281718
S.C. GEODOR PROIECT SRL,40722659441
AQUA TECH DESIGN SOLUTIONS SRL,40744676127
ZAZA LIGHTING SRL,40720720876
DIGIMAR CONSTRUCT SRL,40722563482
ZAKO SOLUTIONS SRL,40750488884
YOU AND ME EVOLUTION S.R.L.,40720031406
YORIJORI FOOD SRL,40771235274
YOOKONEK SRL,40744884420
ATEG COMPANY SRL,40744354355
S.C. BALKAN MEDIA IMPEX SRL,40723442111
MENG HAO IMPEX S.R.L.,40746059859
YCO NORD INVEST SRL,40726231241
YANADA IMPEX SRL,40744640713
CASA DE COMENZI ATHENEUM SRL,40722450597
GENERAL ADMIN EXPERT SRL,40766235750
S.C. OPTICAL LENS EYES S.R.L.,40745824945
SABROCOM AGRO PARTS S.R.L.,40724516851
INTERSOFEX SRL,40720444386
WOX AUTOSERV SRL,40769210101
WOW BUSINESS SRL,40727464367
S.C.THE TRAINING BOUTIQUE SRL,40722311878
